{
  "id": "3171936",
  "name": "zqt1",
  "font_family": "iconfont",
  "css_prefix_text": "icon-",
  "description": "",
  "glyphs": [
    {
      "icon_id": "15838425",
      "name": "add-circle",
      "font_class": "add-circle",
      "unicode": "e664",
      "unicode_decimal": 58980
    },
    {
      "icon_id": "15838428",
      "name": "arrow-right-circle",
      "font_class": "arrow-right-circle",
      "unicode": "e665",
      "unicode_decimal": 58981
    },
    {
      "icon_id": "15838437",
      "name": "arrow-left-circle",
      "font_class": "arrow-left-circle",
      "unicode": "e666",
      "unicode_decimal": 58982
    },
    {
      "icon_id": "15838479",
      "name": "fabulous",
      "font_class": "fabulous",
      "unicode": "e66f",
      "unicode_decimal": 58991
    },
    {
      "icon_id": "15838483",
      "name": "good",
      "font_class": "good",
      "unicode": "e673",
      "unicode_decimal": 58995
    },
    {
      "icon_id": "15838525",
      "name": "search",
      "font_class": "search",
      "unicode": "e67d",
      "unicode_decimal": 59005
    }
  ]
}
